id,name,district_id,dstAutoID
1,ឃុំបន្ទាយនាង,1,
2,ឃុំបត់ត្រង់,1,
3,ឃុំចំណោម,1,
4,ឃុំគោកបល្ល័ង្គ,1,
5,ឃុំគយម៉ែង,1,
6,ឃុំអូរប្រាសាទ,1,
7,ឃុំភ្នំតូច,1,
8,ឃុំរហាត់ទឹក,1,
9,ឃុំឫស្សីក្រោក,1,
10,ឃុំសំបួរ,1,
11,ឃុំសឿ,1,
12,ឃុំស្រះរាំង,1,
13,ឃុំតាឡំ,1,
14,ឃុំណាំតៅ,2,
15,ឃុំប៉ោយចារ,2,
16,ឃុំពន្លៃ,2,
17,ឃុំស្ពានស្រែង,2,
18,ឃុំស្រះជីក,2,
19,ឃុំភ្នំដី,2,
20,ឃុំឈ្នួរមានជ័យ,3,
21,ឃុំជប់វារី,3,
22,ឃុំភ្នំលៀប,3,
23,ឃុំប្រាសាទ,3,
24,ឃុំព្រះនេត្រព្រះ,3,
25,ឃុំរហាល,3,
26,ឃុំទានកាំ,3,
27,ឃុំទឹកជោរ,3,
28,ឃុំបុស្បូវ,3,
29,ឃុំចង្ហា,4,
30,ឃុំកូប,4,
31,ឃុំគុត្ដសត,4,
32,ឃុំសំរោង,4,
33,ឃុំសូភី,4,
34,ឃុំសឹង្ហ,4,
35,ឃុំអូរបីជាន់,4,
36,សង្កាត់កំពង់ស្វាយ,8,
37,សង្កាត់កោះពងសត្វ,8,
38,សង្កាត់ម្កាក់,8,
39,សង្កាត់អូរអំបិល,8,
40,សង្កាត់ភ្នៀត,8,
41,សង្កាត់ព្រះពន្លា,8,
42,សង្កាត់ទឹកថ្លា,8,
43,ឃុំបន្ទាយឆ្មារ,5,
44,ឃុំគោករមៀត,5,
45,ឃុំភូមិថ្មី,5,
46,ឃុំថ្មពួក,5,
47,ឃុំគោកកឋិន,5,
48,ឃុំគំរូ,5,
49,ឃុំផ្គាំ,6,
50,ឃុំសារង្គ,6,
51,ឃុំស្លក្រាម,6,
52,ឃុំស្វាយចេក,6,
53,ឃុំតាបែន,6,
54,ឃុំតាផូ,6,
55,ឃុំទ្រាស,6,
56,ឃុំរលួស,6,
57,ឃុំបឹងបេង,7,
58,ឃុំម៉ាឡៃ,7,
59,ឃុំអូរសំព័រ,7,
60,ឃុំអូរស្រឡៅ,7,
61,ឃុំទួលពង្រ,7,
62,ឃុំតាគង់,7,
63,សង្កាត់និមិត្ដ,9,
64,សង្កាត់ប៉ោយប៉ែត,9,
65,សង្កាត់ផ្សារកណ្តាល,9,
66,សង្កាត់អូរជ្រៅ,9,
67,សង្កាត់អូរឫស្សី,9,
68,ឃុំបឹងបត់កណ្ដាល,10,
69,ឃុំបឹងខ្នារ,10,
70,ឃុំខ្នារទទឹង,10,
71,ឃុំមេទឹក,10,
72,ឃុំអូរតាប៉ោង,10,
73,ឃុំរំលេច,10,
74,ឃុំស្នាមព្រះ,10,
75,ឃុំស្វាយដូនកែវ,10,
76,ឃុំត្រពាំងជង,10,
77,ឃុំអន្លង់វិល,11,
78,ឃុំកណ្ដៀង,11,
79,ឃុំកញ្ជរ,11,
80,ឃុំរាំងទិល,11,
81,ឃុំស្រែស្ដុក,11,
82,ឃុំស្វាយលួង,11,
83,ឃុំស្យា,11,
84,ឃុំវាល,11,
85,ឃុំកោះជុំ,11,
86,ឃុំអន្លង់ត្នោត,12,
87,ឃុំអន្សាចំបក់,12,
88,ឃុំបឹងកន្ទួត,12,
89,ឃុំឈើតុំ,12,
90,ឃុំកំពង់លួង,12,
91,ឃុំកំពង់ពោធិ៍,12,
92,ឃុំក្បាលត្រាច,12,
93,ឃុំអូរសណ្ដាន់,12,
94,ឃុំស្នាអន្សា,12,
95,ឃុំស្វាយស,12,
96,ឃុំត្នោតជុំ,12,
97,ឃុំបាក់ចិញ្ចៀន,13,
98,ឃុំលាច,13,
99,ឃុំព្រងិល,13,
100,ឃុំរកាត,13,
101,ឃុំសន្ទ្រែ,13,
102,ឃុំសំរោង,13,
103,សង្កាត់ចំរើនផល,16,
104,សង្កាត់លលកស,16,
105,សង្កាត់ផ្ទះព្រៃ,16,
106,សង្កាត់ព្រៃញី,16,
107,សង្កាត់រលាប,16,
108,សង្កាត់ស្វាយអាត់,16,
109,សង្កាត់បន្ទាយដី,16,
110,ឃុំអូរសោម,14,
111,ឃុំក្រពើពីរ,14,
112,ឃុំអន្លង់រាប,14,
113,ឃុំប្រម៉ោយ,14,
114,ឃុំថ្មដា,14,
115,ឃុំតាលោ,15,
116,ឃុំផ្ទះរុង,15,
117,សង្កាត់ប៉ៃលិន,18,
118,សង្កាត់អូរតាវ៉ៅ,18,
119,សង្កាត់ទួលល្វា,18,
120,សង្កាត់បរយ៉ាខា,18,
121,ឃុំសាលាក្រៅ,17,
122,ឃុំស្ទឹងត្រង់,17,
123,ឃុំស្ទឹងកាច់,17,
124,ឃុំអូរអណ្ដូង,17,
125,ឃុំអន្លង់វែង,19,
126,ឃុំត្រពាំងតាវ,19,
127,ឃុំត្រពាំងប្រីយ៍,19,
128,ឃុំថ្លាត,19,
129,ឃុំលំទង,19,
130,ឃុំអំពិល,20,
131,ឃុំបេង,20,
132,ឃុំគោកខ្ពស់,20,
133,ឃុំគោកមន,20,
134,ឃុំជើងទៀន,21,
135,ឃុំចុងកាល់,21,
136,ឃុំក្រសាំង,21,
137,ឃុំពង្រ,21,
138,សង្កាត់បន្សាយរាក់,23,
139,សង្កាត់បុស្បូវ,23,
140,សង្កាត់កូនក្រៀល,23,
141,សង្កាត់សំរោង,23,
142,សង្កាត់អូរស្មាច់,23,
143,ឃុំបាក់អន្លូង,22,
144,ឃុំផ្អាវ,22,
145,ឃុំអូរស្វាយ,22,
146,ឃុំព្រះប្រឡាយ,22,
147,ឃុំទំនប់ដាច់,22,
148,ឃុំត្រពាំងប្រាសាទ,22,
149,ឃុំអញ្ចាញរូង,24,
150,ឃុំឆ្នុកទ្រូ,24,
151,ឃុំចក,24,
152,ឃុំខុនរ៉ង,24,
153,ឃុំកំពង់ព្រះគគីរ,24,
154,ឃុំមេលំ,24,
155,ឃុំផ្សារ,24,
156,ឃុំពេជចង្វារ,24,
157,ឃុំពពេល,24,
158,ឃុំពន្លៃ,24,
159,ឃុំត្រពាំងចាន់,24,
160,ឃុំជលសា,27,
161,ឃុំកោះថ្កូវ,27,
162,ឃុំកំពង់អុស,27,
163,ឃុំពាមឆ្កោក,27,
164,ឃុំព្រៃគ្រី,27,
165,សង្កាត់ផ្សារឆ្នាំង,34,
166,សង្កាត់កំពង់ឆ្នាំង,34,
167,សង្កាត់ប្អេរ,34,
168,សង្កាត់ខ្សាម,34,
169,ឃុំច្រណូក,28,
170,ឃុំដារ,28,
171,ឃុំកំពង់ហៅ,28,
172,ឃុំផ្លូវទូក,28,
173,ឃុំពោធិ៍,28,
174,ឃុំប្រឡាយមាស,28,
175,ឃុំសំរោងសែន,28,
176,ឃុំស្វាយរំពារ,28,
177,ឃុំត្រងិល,28,
178,ឃុំអំពិលទឹក,29,
179,ឃុំឈូកស,29,
180,ឃុំច្រេស,29,
181,ឃុំកំពង់ត្រឡាច,29,
182,ឃុំលង្វែក,29,
183,ឃុំអូរឫស្សី,29,
184,ឃុំពានី,29,
185,ឃុំសែប,29,
186,ឃុំតាជេស,29,
187,ឃុំថ្មឥដ្ឋ,29,
188,ឃុំអណ្ដូងស្នាយ,30,
189,ឃុំបន្ទាយព្រាល,30,
190,ឃុំជើងគ្រាវ,30,
191,ឃុំជ្រៃបាក់,30,
192,ឃុំគោកបន្ទាយ,30,
193,ឃុំក្រាំងលាវ,30,
194,ឃុំពង្រ,30,
195,ឃុំប្រស្នឹប,30,
196,ឃុំព្រៃមូល,30,
197,ឃុំរលាប្អៀរ,30,
198,ឃុំស្រែថ្មី,30,
199,ឃុំស្វាយជ្រុំ,30,
200,ឃុំទឹកហូត,30,
201,ឃុំភ្នំក្រាំងដីមាស,30,
202,ឃុំឈានឡើង,31,
203,ឃុំខ្នារឆ្មារ,31,
204,ឃុំក្រាំងល្វា,31,
205,ឃុំពាម,31,
206,ឃុំសេដ្ឋី,31,
207,ឃុំស្វាយ,31,
208,ឃុំស្វាយជុក,31,
209,ឃុំត្បែងខ្ពស់,31,
210,ឃុំធ្លកវៀន,31,
211,ឃុំអភិវឌ្ឍន៍,32,
212,ឃុំជៀប,32,
213,ឃុំចោងម៉ោង,32,
214,ឃុំក្បាលទឹក,32,
215,ឃុំខ្លុងពពក,32,
216,ឃុំក្រាំងស្គារ,32,
217,ឃុំតាំងក្រសាំង,32,
218,ឃុំទួលខ្ពស់,32,
219,ឃុំក្តុលសែនជ័យ,32,
220,ឃុំកន្ទឺ ១,35,
221,ឃុំកន្ទឺ ២,35,
771,ឃុំកោះប៉ង់,106,
222,ឃុំបាយដំរាំ,35,
223,ឃុំឈើទាល,35,
224,ឃុំចែងមានជ័យ,35,
225,ឃុំភ្នំសំពៅ,35,
226,ឃុំស្នឹង,35,
227,ឃុំតាគ្រាម,35,
228,ឃុំតាពូង,36,
229,ឃុំតាម៉ឺន,36,
230,ឃុំអូរតាគី,36,
231,ឃុំជ្រៃ,36,
232,ឃុំអន្លង់រុន,36,
233,ឃុំជ្រោយស្ដៅ,36,
234,ឃុំបឹងព្រីង,36,
235,ឃុំគោកឃ្មុំ,36,
236,ឃុំបន្សាយត្រែង,36,
237,ឃុំរូងជ្រៃ,36,
238,សង្កាត់ទួលតាឯក,48,
239,សង្កាត់ព្រែកព្រះស្ដេច,48,
240,សង្កាត់រតនៈ,48,
241,សង្កាត់ចំការសំរោង,48,
242,សង្កាត់ស្លាកែត,48,
243,សង្កាត់ក្ដុលដូនទាវ,48,
244,សង្កាត់អូរម៉ាល់,48,
245,សង្កាត់វត្ដគរ,48,
246,សង្កាត់អូរចារ,48,
247,សង្កាត់ស្វាយប៉ោ,48,
248,ឃុំបវេល,37,
249,ឃុំខ្នាចរមាស,37,
250,ឃុំល្វា,37,
251,ឃុំព្រៃខ្ពស់,37,
252,ឃុំអំពិលប្រាំដើម,37,
253,ឃុំក្ដុលតាហែន,37,
254,ឃុំឃ្លាំងមាស,37,
255,ឃុំបឹងប្រាំ,37,
256,ឃុំបួវិល,37,
257,ឃុំព្រែកនរិន្ទ,38,
258,ឃុំសំរោងក្នុង,38,
259,ឃុំព្រែកខ្ពប,38,
260,ឃុំព្រែកហ្លួង,38,
261,ឃុំពាមឯក,38,
262,ឃុំព្រៃចាស់,38,
263,ឃុំកោះជីវាំង,38,
264,ឃុំមោង,39,
265,ឃុំគារ,39,
266,ឃុំព្រៃស្វាយ,39,
267,ឃុំឫស្សីក្រាំង,39,
268,ឃុំជ្រៃ,39,
269,ឃុំតាលាស់,39,
270,ឃុំកកោះ,39,
271,ឃុំព្រៃតូច,39,
272,ឃុំរបស់មង្គល,39,
273,ឃុំស្ដៅ,40,
274,ឃុំអណ្ដើកហែប,40,
275,ឃុំផ្លូវមាស,40,
276,ឃុំត្រែង,40,
277,ឃុំរស្មីសង្ហារ,40,
278,ឃុំអន្លង់វិល,41,
279,ឃុំនរា,41,
280,ឃុំតាប៉ុន,41,
281,ឃុំរកា,41,
282,ឃុំកំពង់ព្រះ,41,
283,ឃុំកំពង់ព្រៀង,41,
284,ឃុំរាំងកេសី,41,
285,ឃុំអូរដំបង ១,41,
286,ឃុំអូរដំបង ២,41,
287,ឃុំវត្ដតាមិម,41,
288,ឃុំតាតោក,42,
289,ឃុំកំពង់ល្ពៅ,42,
290,ឃុំអូរសំរិល,42,
291,ឃុំស៊ុង,42,
292,ឃុំសំឡូត,42,
293,ឃុំមានជ័យ,42,
294,ឃុំតាសាញ,42,
295,ឃុំសំពៅលូន,43,
296,ឃុំអង្គរបាន,43,
297,ឃុំតាស្ដា,43,
298,ឃុំសន្ដិភាព,43,
299,ឃុំសេរីមានជ័យ,43,
300,ឃុំជ្រៃសីមា,43,
301,ឃុំភ្នំព្រឹក,44,
302,ឃុំពេជ្រចិន្ដា,44,
303,ឃុំបួរ,44,
304,ឃុំបារាំងធ្លាក់,44,
305,ឃុំអូររំដួល,44,
306,ឃុំកំរៀង,45,
307,ឃុំបឹងរាំង,45,
308,ឃុំអូរដា,45,
309,ឃុំត្រាង,45,
310,ឃុំតាសែន,45,
311,ឃុំតាក្រី,45,
312,ឃុំធិបតី,46,
313,ឃុំគាស់ក្រឡ,46,
314,ឃុំហប់,46,
315,ឃុំព្រះផុស,46,
316,ឃុំដូនបា,46,
317,ឃុំឆ្នាល់មាន់,46,
318,ឃុំព្រែកជីក,47,
319,ឃុំព្រៃត្រឡាច,47,
320,ឃុំមុខរាហ៍,47,
321,ឃុំស្តុកប្រវឹក,47,
322,ឃុំបាសាក់,47,
323,ឃុំអង្គភ្នំតូច,49,
324,ឃុំអង្គរជ័យ,49,
325,ឃុំចំប៉ី,49,
326,ឃុំដំបូកខ្ពស់,49,
327,ឃុំដានគោម,49,
328,ឃុំដើមដូង,49,
329,ឃុំម្រោម,49,
330,ឃុំភ្នំកុង,49,
331,ឃុំប្រភ្នំ,49,
332,ឃុំសំឡាញ,49,
333,ឃុំតានី,49,
334,ឃុំបន្ទាយមាសខាងកើត,50,
335,ឃុំបន្ទាយមាសខាងលិច,50,
336,ឃុំព្រៃទន្លេ,50,
337,ឃុំសំរោងក្រោម,50,
338,ឃុំសំរោងលើ,50,
339,ឃុំស្ដេចគង់ខាងជើង,50,
340,ឃុំស្ដេចគង់ខាងលិច,50,
341,ឃុំស្ដេចគង់ខាងត្បូង,50,
342,ឃុំត្នោតចុងស្រង់,50,
343,ឃុំត្រពាំងសាលាខាងកើត,50,
344,ឃុំត្រពាំងសាលាខាងលិច,50,
345,ឃុំទូកមាសខាងកើត,50,
346,ឃុំទូកមាសខាងលិច,50,
347,ឃុំវត្ដអង្គខាងជើង,50,
348,ឃុំវត្ដអង្គខាងត្បូង,50,
349,ឃុំបានៀវ,51,
350,ឃុំតាកែន,51,
351,ឃុំបឹងនិមល,51,
352,ឃុំឈូក,51,
353,ឃុំដូនយ៉យ,51,
354,ឃុំក្រាំងស្បូវ,51,
355,ឃុំក្រាំងស្នាយ,51,
356,ឃុំល្បើក,51,
357,ឃុំត្រពាំងភ្លាំង,51,
358,ឃុំមានជ័យ,51,
359,ឃុំនារាយណ៍,51,
360,ឃុំសត្វពង,51,
361,ឃុំត្រពាំងបី,51,
362,ឃុំត្រមែង,51,
363,ឃុំតេជោអភិវឌ្ឍន៍,51,
364,ឃុំច្រេស,52,
365,ឃុំជំពូវន្ដ,52,
366,ឃុំស្នាយអញ្ជិត,52,
367,ឃុំស្រែចែង,52,
368,ឃុំស្រែក្នុង,52,
369,ឃុំស្រែសំរោង,52,
370,ឃុំត្រពាំងរាំង,52,
371,ឃុំដំណាក់សុក្រំ,53,
372,ឃុំដងទង់,53,
373,ឃុំឃ្ជាយខាងជើង,53,
374,ឃុំខ្ជាយខាងត្បូង,53,
375,ឃុំមានរិទ្ធិ,53,
376,ឃុំស្រែជាខាងជើង,53,
377,ឃុំស្រែជាខាងត្បូង,53,
378,ឃុំទទុង,53,
379,ឃុំអង្គ រមាស,53,
380,ឃុំល្អាង,53,
381,ឃុំបឹងសាលាខាងជើង,54,
382,ឃុំបឹងសាលាខាងត្បូង,54,
383,ឃុំដំណាក់កន្ទួតខាងជើង,54,
384,ឃុំដំណាក់កន្ទួតខាងត្បូង,54,
385,ឃុំកំពង់ត្រាចខាងកើត,54,
386,ឃុំកំពង់ត្រាចខាងលិច,54,
387,ឃុំប្រាសាទភ្នំខ្យង,54,
388,ឃុំភ្នំប្រាសាទ,54,
389,ឃុំអង្គសុរភី,54,
390,ឃុំព្រែកក្រឹស,54,
391,ឃុំឫស្សីស្រុកខាងកើត,54,
392,ឃុំឫស្សីស្រុកខាងលិច,54,
393,ឃុំស្វាយទងខាងជើង,54,
394,ឃុំស្វាយទងខាងត្បូង,54,
395,ឃុំជុំគ្រៀល,55,
396,ឃុំកំពង់ក្រែង,55,
397,ឃុំកំពង់សំរោង,55,
398,ឃុំកណ្ដោល,55,
399,ឃុំកូនសត្វ,55,
400,ឃុំម៉ាក់ប្រាង្គ,55,
401,ឃុំព្រៃឃ្មុំ,55,
402,ឃុំព្រៃថ្នង,55,
403,ឃុំស្ទឹងកែវ,55,
404,ឃុំថ្មី,55,
405,ឃុំត្រពាំងព្រីង,55,
406,ឃុំត្រពាំងសង្កែ,55,
407,ឃុំត្រពាំងធំ,55,
408,សង្កាត់កំពង់កណ្ដាល,56,
409,សង្កាត់ក្រាំងអំពិល,56,
410,សង្កាត់កំពង់បាយ,56,
411,សង្កាត់អណ្ដូងខ្មែរ,56,
412,សង្កាត់ត្រើយកោះ,56,
413,សង្កាត់បឹងទូក,57,
414,សង្កាត់កោះតូច,57,
415,សង្កាត់ព្រែកត្នោត,57,
416,ឃុំអង្កោល,58,
417,ឃុំពងទឹក,58,
418,សង្កាត់កែប,59,
419,សង្កាត់ព្រៃធំ,59,
420,សង្កាត់អូរក្រសារ,59,
421,ឃុំអណ្ដូងទឹក,60,
422,ឃុំកណ្ដោល,60,
423,ឃុំតានូន,60,
424,ឃុំថ្មស,60,
425,ឃុំកោះស្ដេច,61,
426,ឃុំភ្ញីមាស,61,
427,ឃុំព្រែកខ្សាច់,61,
428,ឃុំជ្រោយប្រស់,62,
429,ឃុំកោះកាពិ,62,
430,ឃុំតាតៃក្រោម,62,
431,ឃុំត្រពាំងរូង,62,
432,សង្កាត់ស្មាច់មានជ័យ,63,
433,សង្កាត់ដងទង់,63,
434,សង្កាត់ស្ទឹងវែង,63,
435,ឃុំប៉ាក់ខ្លង,64,
436,ឃុំពាមក្រសោប,64,
437,ឃុំទួលគគីរ,64,
438,ឃុំបឹងព្រាវ,65,
439,ឃុំជី ខ ក្រោម,65,
440,ឃុំជី ខ លើ,65,
441,ឃុំជ្រោយស្វាយ,65,
442,ឃុំដងពែង,65,
443,ឃុំស្រែអំបិល,65,
444,ឃុំតាទៃលើ,66,
445,ឃុំប្រឡាយ,66,
446,ឃុំជំនាប់,66,
447,ឃុំឫស្សីជ្រុំ,66,
448,ឃុំជីផាត,66,
449,ឃុំថ្មដូនពៅ,66,
450,សង្កាត់លេខ១,67,
451,សង្កាត់២,67,
452,សង្កាត់៣,67,
453,សង្កាត់៤,67,
454,ឃុំអណ្ដូងថ្ម,68,
455,ឃុំបឹងតាព្រហ្ម,68,
456,ឃុំបិតត្រាង,68,
457,ឃុំជើងគោ,68,
458,ឃុំអូរជ្រៅ,68,
459,ឃុំអូរឧកញ៉ាហេង,68,
460,ឃុំព្រៃនប់,68,
461,ឃុំរាម,68,
462,ឃុំសាមគ្គី,68,
463,ឃុំសំរុង,68,
464,ឃុំទឹកល្អក់,68,
465,ឃុំទឹកថ្លា,68,
466,ឃុំទួលទទឹង,68,
467,ឃុំវាលរេញ,68,
468,ឃុំតានៃ,68,
469,ឃុំកំពេញ,69,
470,ឃុំអូរត្រេះ,69,
471,ឃុំទំនប់រលក,69,
472,ឃុំកែវផុស,69,
473,ឃុំចំការហ្លួង,70,
474,ឃុំកំពង់សីលា,70,
475,ឃុំអូរបាក់រទេះ,70,
476,ឃុំស្ទឹងឆាយ,70,
477,សង្កាត់កោះរ៉ុង,71,
478,សង្កាត់កោះរ៉ុងសន្លឹម,71,
479,ឃុំអង្គរបូរី,72,
480,ឃុំបាស្រែ,72,
481,ឃុំគោកធ្លក,72,
482,ឃុំពន្លៃ,72,
483,ឃុំព្រែកផ្ទោល,72,
484,ឃុំព្រៃផ្គាំ,72,
485,ឃុំចំបក់,73,
486,ឃុំចំប៉ី,73,
487,ឃុំដូង,73,
488,ឃុំកណ្ដឹង,73,
489,ឃុំកុមាររាជា,73,
490,ឃុំក្រាំងលាវ,73,
491,ឃុំក្រាំងធ្នង់,73,
492,ឃុំលំពង់,73,
493,ឃុំពារាម,73,
494,ឃុំពត់សរ,73,
495,ឃុំសូរភី,73,
496,ឃុំតាំងដូង,73,
497,ឃុំត្នោត,73,
498,ឃុំត្រពាំងក្រសាំង,73,
499,ឃុំត្រពាំងសាប,73,
500,ឃុំបូរីជលសារ,74,
501,ឃុំជ័យជោគ,74,
502,ឃុំដូងខ្ពស់,74,
503,ឃុំកំពង់ក្រសាំង,74,
504,ឃុំគោកពោធិ៍,74,
505,ឃុំអង្គប្រាសាទ,75,
506,ឃុំព្រះបាទជាន់ជុំ,75,
507,ឃុំកំណប់,75,
508,ឃុំកំពែង,75,
509,ឃុំគីរីចុងកោះ,75,
510,ឃុំគោកព្រេច,75,
511,ឃុំភ្នំដិន,75,
512,ឃុំព្រៃអំពក,75,
513,ឃុំព្រៃរំដេង,75,
514,ឃុំរាមអណ្ដើក,75,
515,ឃុំសោម,75,
516,ឃុំតាអូរ,75,
517,ឃុំក្រពុំឈូក,76,
518,ឃុំពេជសារ,76,
519,ឃុំព្រៃខ្លា,76,
520,ឃុំព្រៃយុថ្កា,76,
521,ឃុំរមេញ,76,
522,ឃុំធ្លាប្រជុំ,76,
523,ឃុំអង្កាញ់,77,
524,ឃុំបានកាម,77,
525,ឃុំចំប៉ា,77,
526,ឃុំចារ,77,
527,ឃុំកំពែង,77,
528,ឃុំកំពង់រាប,77,
529,ឃុំក្ដាញ់,77,
530,ឃុំពោធិ៍រំចាក,77,
531,ឃុំព្រៃកប្បាស,77,
532,ឃុំព្រៃល្វា,77,
533,ឃុំព្រៃផ្ដៅ,77,
534,ឃុំស្នោ,77,
535,ឃុំតាំងយ៉ាប,77,
536,ឃុំបឹងត្រាញ់ខាងជើង,78,
537,ឃុំបឹងត្រាញ់ខាងត្បូង,78,
538,ឃុំជើងគួន,78,
539,ឃុំជំរះពេន,78,
540,ឃុំខ្វាវ,78,
541,ឃុំលំចង់,78,
542,ឃុំរវៀង,78,
543,ឃុំសំរោង,78,
544,ឃុំសឹង្ហ,78,
545,ឃុំស្លា,78,
546,ឃុំទ្រា,78,
547,សង្កាត់បារាយណ៍,79,
548,សង្កាត់រកាក្នុង,79,
549,សង្កាត់រកាក្រៅ,79,
550,ឃុំអង្គតាសោម,80,
551,ឃុំជាងទង,80,
552,ឃុំគុស,80,
553,ឃុំលាយបូរ,80,
554,ឃុំញ៉ែងញ៉ង,80,
555,ឃុំអូរសារាយ,80,
556,ឃុំត្រពាំងក្រញូង,80,
557,ឃុំឧត្ដមសុរិយា,80,
558,ឃុំពពេល,80,
559,ឃុំសំរោង,80,
560,ឃុំស្រែរនោង,80,
561,ឃុំតាភេម,80,
562,ឃុំត្រាំកក់,80,
563,ឃុំត្រពាំងធំខាងជើង,80,
564,ឃុំត្រពាំងធំខាងត្បូង,80,
565,ឃុំអង្កាញ់,81,
566,ឃុំអង្គខ្នុរ,81,
567,ឃុំជីខ្មា,81,
568,ឃុំខ្វាវ,81,
569,ឃុំប្រាំបីមុំ,81,
570,ឃុំអង្គកែវ,81,
571,ឃុំព្រៃស្លឹក,81,
572,ឃុំរនាម,81,
573,ឃុំសំបួរ,81,
574,ឃុំសន្លុង,81,
575,ឃុំស្មោង,81,
576,ឃុំស្រង៉ែ,81,
577,ឃុំធ្លក,81,
578,ឃុំត្រឡាច,81,
579,ឃុំអំពៅព្រៃ,82,
580,ឃុំអន្លង់រមៀត,82,
581,ឃុំបារគូ,82,
582,ឃុំបឹងខ្យាង,82,
583,ឃុំជើងកើប,82,
584,ឃុំដើមឫស,82,
585,ឃុំកណ្ដោក,82,
586,ឃុំថ្មី,82,
587,ឃុំគោកត្រប់,82,
588,ឃុំព្រះពុទ្ធ,82,
589,ឃុំព្រែករកា,82,
590,ឃុំព្រែកស្លែង,82,
591,ឃុំរកា,82,
592,ឃុំរលាំងកែន,82,
593,ឃុំសៀមរាប,82,
594,ឃុំត្បែង,82,
595,ឃុំត្រពាំងវែង,82,
596,ឃុំទ្រា,82,
597,ឃុំបន្ទាយដែក,83,
598,ឃុំឈើទាល,83,
599,ឃុំដីឥដ្ឋ,83,
600,ឃុំកំពង់ស្វាយ,83,
601,ឃុំគគីរ,83,
602,ឃុំគគីរធំ,83,
603,ឃុំភូមិធំ,83,
604,ឃុំសំរោងធំ,83,
605,ឃុំបាក់ដាវ,84,
606,ឃុំជ័យធំ,84,
607,ឃុំកំពង់ចំលង,84,
608,ឃុំកោះចូរ៉ាម,84,
609,ឃុំកោះឧកញ៉ាតី,84,
610,ឃុំព្រះប្រសប់,84,
611,ឃុំព្រែកអំពិល,84,
612,ឃុំព្រែកលួង,84,
613,ឃុំព្រែកតាកូវ,84,
614,ឃុំព្រែកតាមាក់,84,
615,ឃុំពុកឫស្សី,84,
616,ឃុំរកាជន្លឹង,84,
617,ឃុំសន្លុង,84,
618,ឃុំស៊ីធរ,84,
619,ឃុំស្វាយជ្រំ,84,
620,ឃុំស្វាយរមៀត,84,
621,ឃុំតាឯក,84,
622,ឃុំវិហារសួគ៌,84,
623,ឃុំឈើខ្មៅ,85,
624,ឃុំជ្រោយតាកែវ,85,
625,ឃុំកំពង់កុង,85,
626,ឃុំកោះធំ ‹ក›,85,
627,ឃុំកោះធំ ‹ខ›,85,
628,ឃុំលើកដែក,85,
629,ឃុំពោធិ៍បាន,85,
630,ឃុំព្រែកជ្រៃ,85,
631,ឃុំព្រែកស្ដី,85,
632,ឃុំព្រែកថ្មី,85,
633,ឃុំសំពៅពូន,85,
634,ឃុំកំពង់ភ្នំ,86,
635,ឃុំក្អមសំណរ,86,
636,ឃុំខ្ពបអាទាវ,86,
637,ឃុំពាមរាំង,86,
638,ឃុំព្រែកដាច់,86,
639,ឃុំព្រែកទន្លាប់,86,
640,ឃុំសណ្ដារ,86,
641,ឃុំអរិយក្សត្រ,87,
642,ឃុំបារុង,87,
643,ឃុំបឹងគ្រំ,87,
644,ឃុំកោះកែវ,87,
645,ឃុំកោះរះ,87,
646,ឃុំល្វាសរ,87,
647,ឃុំពាមឧកញ៉ាអុង,87,
648,ឃុំភូមិធំ,87,
649,ឃុំព្រែកក្មេង,87,
650,ឃុំព្រែករៃ,87,
651,ឃុំព្រែកឫស្សី,87,
652,ឃុំសំបួរ,87,
653,ឃុំសារិកាកែវ,87,
654,ឃុំថ្មគរ,87,
655,ឃុំទឹកឃ្លាំង,87,
656,ឃុំព្រែកអញ្ចាញ,88,
657,ឃុំព្រែកដំបង,88,
658,ឃុំរកាកោង ទី ១,88,
659,ឃុំរកាកោង ទី ២,88,
660,ឃុំឫស្សីជ្រោយ,88,
661,ឃុំសំបួរមាស,88,
662,ឃុំស្វាយអំពារ,88,
663,ឃុំបែកចាន,89,
664,ឃុំឆក់ឈើនាង,89,
665,ឃុំដំណាក់អំពិល,89,
666,ឃុំក្រាំងម្កាក់,89,
667,ឃុំលំហាច,89,
668,ឃុំម្កាក់,89,
669,ឃុំពើក,89,
670,ឃុំព្រៃពួច,89,
671,ឃុំសំរោងលើ,89,
672,ឃុំទួលព្រេជ,89,
673,ឃុំឈ្វាំង,90,
674,ឃុំជ្រៃលាស់,90,
675,ឃុំកំពង់ហ្លួង,90,
676,ឃុំកំពង់អុស,90,
677,ឃុំកោះចិន,90,
678,ឃុំភ្នំបាត,90,
679,ឃុំពញាឮ,90,
680,ឃុំព្រែកតាទែន,90,
681,ឃុំផ្សារដែក,90,
682,ឃុំទំនប់ធំ,90,
683,ឃុំវិហារហ្លួង,90,
684,ឃុំខ្ពប,91,
685,ឃុំកោះខែល,91,
686,ឃុំកោះខ្សាច់ទន្លា,91,
687,ឃុំក្រាំងយ៉ូវ,91,
688,ឃុំប្រាសាទ,91,
689,ឃុំព្រែកអំបិល,91,
690,ឃុំព្រែកគយ,91,
691,ឃុំស្អាងភ្នំ,91,
692,ឃុំស្វាយប្រទាល,91,
693,ឃុំតាលន់,91,
694,ឃុំត្រើយស្លា,91,
695,ឃុំទឹកវិល,91,
696,សង្កាត់តាក្ដុល,92,
697,សង្កាត់ព្រែកឫស្សី,92,
698,សង្កាត់ដើមមៀន,92,
699,សង្កាត់តាខ្មៅ,92,
700,សង្កាត់ព្រែកហូរ,92,
701,សង្កាត់កំពង់សំណាញ់,92,
702,សង្កាត់ស្វាយរលំ,92,
703,សង្កាត់កោះអន្លង់ចិន,92,
704,សង្កាត់សិត្បូ,92,
705,សង្កាត់រកាខ្ពស់,92,
706,ឃុំចុងផ្លាស់,93,
707,ឃុំមេម៉ង់,93,
708,ឃុំស្រែឈូក,93,
709,ឃុំស្រែខ្ទុម,93,
710,ឃុំស្រែព្រះ,93,
711,ឃុំណងឃីលិក,94,
712,ឃុំអ បួនលើ,94,
713,ឃុំរយ៉,94,
714,ឃុំសុខសាន្ដ,94,
715,ឃុំស្រែហ៊ុយ,94,
716,ឃុំស្រែសង្គម,94,
717,ឃុំដាក់ដាំ,95,
718,ឃុំសែនមនោរម្យ,95,
719,ឃុំក្រង់តេះ,96,
720,ឃុំពូជ្រៃ,96,
721,ឃុំស្រែអំពូម,96,
722,ឃុំប៊ូស្រា,96,
723,សង្កាត់មនោរម្យ,97,
724,សង្កាត់សុខដុម,97,
725,សង្កាត់ស្ពានមានជ័យ,97,
726,សង្កាត់រមនា,97,
727,ឃុំម៉ាលិក,98,
728,ឃុំញ៉ាង,98,
729,ឃុំតាឡាវ,98,
730,សង្កាត់កាចាញ,99,
731,សង្កាត់ឡាបានសៀក,99,
732,សង្កាត់យក្ខឡោម,99,
733,សង្កាត់បឹងកន្សែង,99,
734,ឃុំកក់,100,
735,ឃុំកិះចុង,100,
736,ឃុំឡាមីញ,100,
737,ឃុំលុងឃុង,100,
738,ឃុំស៊ើង,100,
739,ឃុំទីងចាក់,100,
740,ឃុំសិរីមង្គល,101,
741,ឃុំស្រែអង្គ្រង,101,
742,ឃុំតាអង,101,
743,ឃុំតឺន,101,
744,ឃុំត្រពាំងច្រេស,101,
745,ឃុំត្រពាំងក្រហម,101,
746,ឃុំជ័យឧត្ដម,102,
747,ឃុំកាឡែង,102,
748,ឃុំល្បាំង១,102,
749,ឃុំល្បាំង២,102,
750,ឃុំបាតាង,102,
751,ឃុំសេដា,102,
752,ឃុំចាអ៊ុង,103,
753,ឃុំប៉ូយ,103,
754,ឃុំឯកភាព,103,
755,ឃុំកាឡៃ,103,
756,ឃុំអូរជុំ,103,
757,ឃុំសាមគ្គី,103,
758,ឃុំល្អក់,103,
759,ឃុំបរខាំ,104,
760,ឃុំលំជ័រ,104,
761,ឃុំប៉ក់ញ៉ៃ,104,
762,ឃុំប៉ាតេ,104,
763,ឃុំសេសាន,104,
764,ឃុំសោមធំ,104,
765,ឃុំយ៉ាទុង,104,
766,ឃុំតាវែងលើ,105,
767,ឃុំតាវែងក្រោម,105,
768,ឃុំប៉ុង,106,
769,ឃុំហាត់ប៉ក់,106,
770,ឃុំកាចូន,106,
772,ឃុំកោះពាក្យ,106,
773,ឃុំកុកឡាក់,106,
774,ឃុំប៉ាកាឡាន់,106,
775,ឃុំភ្នំកុក,106,
776,ឃុំវើនសៃ,106,
777,ឃុំចន្ទ្រា,107,
778,ឃុំច្រេស,107,
779,ឃុំមេ សរថ្ងក,107,
780,ឃុំព្រៃគគីរ,107,
781,ឃុំសំរោង,107,
782,ឃុំទួលស្ដី,107,
783,ឃុំបន្ទាយក្រាំង,108,
784,ឃុំញរ,108,
785,ឃុំខ្សែត្រ,108,
786,ឃុំព្រះពន្លា,108,
787,ឃុំព្រៃធំ,108,
788,ឃុំរាជមន្ទីរ,108,
789,ឃុំសំឡី,108,
790,ឃុំសំយ៉ោង,108,
791,ឃុំស្វាយតាយាន,108,
792,ឃុំថ្មី,108,
793,ឃុំត្នោត,108,
794,ឃុំបុសមន,109,
795,ឃុំធ្មា,109,
796,ឃុំកំពង់ចក,109,
797,ឃុំជ្រុងពពេល,109,
798,ឃុំកំពង់អំពិល,109,
799,ឃុំម៉ឺនជ័យ,109,
800,ឃុំពងទឹក,109,
801,ឃុំសង្កែ,109,
802,ឃុំស្វាយចេក,109,
803,ឃុំថ្នាធ្នង់,109,
804,ឃុំអំពិល,110,
805,ឃុំអណ្ដូងពោធិ៍,110,
806,ឃុំអណ្ដូងត្របែក,110,
807,ឃុំអង្គប្រស្រែ,110,
808,ឃុំចន្ដ្រី,110,
809,ឃុំជ្រៃធំ,110,
810,ឃុំដូង,110,
811,ឃុំកំពង់ត្រាច,110,
812,ឃុំគគីរ,110,
813,ឃុំក្រសាំង,110,
814,ឃុំមុខដា,110,
815,ឃុំម្រាម,110,
816,ឃុំសំបួរ,110,
817,ឃុំសម្បត្ដិមានជ័យ,110,
818,ឃុំត្រពាំងស្ដៅ,110,
819,ឃុំត្រស់,110,
820,ឃុំអង្គតាសូ,111,
821,ឃុំបាសាក់,111,
822,ឃុំចំបក់,111,
823,ឃុំកំពង់ចំឡង,111,
824,ឃុំតាសួស,111,
825,ឃុំឈើទាល,111,
826,ឃុំដូនស,111,
827,ឃុំគោកព្រីង,111,
828,ឃុំក្រោលគោ,111,
829,ឃុំគ្រួស,111,
830,ឃុំពោធិរាជ,111,
831,ឃុំស្វាយអង្គ,111,
832,ឃុំស្វាយជ្រំ,111,
833,ឃុំស្វាយធំ,111,
834,ឃុំស្វាយយា,111,
835,ឃុំធ្លក,111,
836,សង្កាត់ស្វាយរៀង,112,
837,សង្កាត់ព្រៃឆ្លាក់,112,
838,សង្កាត់គយត្របែក,112,
839,សង្កាត់ពោធិ៍តាហោ,112,
840,សង្កាត់ចេក,112,
841,សង្កាត់ស្វាយតឿ,112,
842,សង្កាត់សង្ឃរ័,112,
843,ឃុំគគីសោម,113,
844,ឃុំកណ្ដៀងរាយ,113,
845,ឃុំមនោរម្យ,113,
846,ឃុំពពែត,113,
847,ឃុំព្រៃតាអី,113,
848,ឃុំប្រសូត្រ,113,
849,ឃុំរមាំងថ្កោល,113,
850,ឃុំសំបួរ,113,
851,ឃុំស្វាយរំពារ,113,
852,សង្កាត់បាទី,114,
853,សង្កាត់បាវិត,114,
854,សង្កាត់ច្រកម្ទេស,114,
855,សង្កាត់ប្រាសាទ,114,
856,សង្កាត់ព្រៃអង្គុញ,114,
857,ឃុំចុងជាច,115,
858,ឃុំតំបែរ,115,
859,ឃុំគោកស្រុក,115,
860,ឃុំនាងទើត,115,
861,ឃុំសេដា,115,
862,ឃុំត្រពាំងព្រីង,115,
863,ឃុំទឹកជ្រៅ,115,
864,ឃុំឈូក,116,
865,ឃុំជំនីក,116,
866,ឃុំកំពង់ទ្រាស,116,
867,ឃុំកោះពីរ,116,
868,ឃុំក្រូចឆ្មារ,116,
869,ឃុំប៉ឺស១,116,
870,ឃុំប៉ឺស២,116,
871,ឃុំព្រែកអាជី,116,
872,ឃុំរការខ្នុរ,116,
873,ឃុំស្វាយឃ្លាំង,116,
874,ឃុំទ្រា,116,
875,ឃុំទួលស្នួល,116,
876,ឃុំចាន់មូល,117,
877,ឃុំជាំ,117,
878,ឃុំជាំក្រវៀន,117,
879,ឃុំជាំតាម៉ៅ,117,
880,ឃុំដារ,117,
881,ឃុំកំពាន់,117,
882,ឃុំគគីរ,117,
883,ឃុំមេមង,117,
884,ឃុំមេមត់,117,
885,ឃុំរំចេក,117,
886,ឃុំរូង,117,
887,ឃុំទន្លូង,117,
888,ឃុំត្រមូង,117,
889,ឃុំទ្រៀក,117,
890,ឃុំអំពិលតាពក,118,
891,ឃុំចក,118,
892,ឃុំដំរិល,118,
893,ឃុំគងជ័យ,118,
894,ឃុំមៀន,118,
895,ឃុំព្រះធាតុ,118,
896,ឃុំទួលសូភី,118,
897,ឃុំដូនតី,119,
898,ឃុំកក់,119,
899,ឃុំកណ្ដោលជ្រុំ,119,
900,ឃុំកោងកាង,119,
901,ឃុំក្រែក,119,
902,ឃុំពពេល,119,
903,ឃុំត្រពាំងផ្លុង,119,
904,ឃុំវាលម្លូរ,119,
905,សង្កាត់សួង,120,
906,សង្កាត់វិហារលួង,120,
907,ឃុំអញ្ចើម,121,
908,ឃុំបឹងព្រួល,121,
909,ឃុំជីគរ,121,
910,ឃុំជីរោទ៍ ទី១,121,
911,ឃុំជីរោទ៍ ទី២,121,
912,ឃុំជប់,121,
913,ឃុំគរ,121,
914,ឃុំល្ងៀង,121,
915,ឃុំមង់រៀវ,121,
916,ឃុំពាមជីលាំង,121,
917,ឃុំរកាពប្រាំ,121,
918,ឃុំស្រឡប់,121,
919,ឃុំថ្មពេជ្រ,121,
920,ឃុំទន្លេបិទ,121,
921,ឃុំបាធាយ,122,
922,ឃុំច្បារអំពៅ,122,
923,ឃុំជាលា,122,
924,ឃុំជើងព្រៃ,122,
925,ឃុំមេព្រីង,122,
926,ឃុំផ្អាវ,122,
927,ឃុំសំបូរ,122,
928,ឃុំសណ្ដែក,122,
929,ឃុំតាំងក្រាំង,122,
930,ឃុំតាំងក្រសាំង,122,
931,ឃុំត្រប់,122,
932,ឃុំទំនប់,122,
933,ឃុំបុសខ្នុរ,123,
934,ឃុំចំការអណ្ដូង,123,
935,ឃុំជយោ,123,
936,ឃុំល្វាលើ,123,
937,ឃុំស្ពឺ,123,
938,ឃុំស្វាយទាប,123,
939,ឃុំតាអុង,123,
940,ឃុំតាប្រុក,123,
941,ឃុំខ្នុរដំបង,124,
942,ឃុំគោករវៀង,124,
943,ឃុំផ្ដៅជុំ,124,
944,ឃុំព្រៃចារ,124,
945,ឃុំព្រីងជ្រុំ,124,
946,ឃុំសំពងជ័យ,124,
947,ឃុំស្ដើងជ័យ,124,
948,ឃុំសូទិព្វ,124,
949,ឃុំស្រម៉រ,124,
950,ឃុំត្រពាំងគរ,124,
951,សង្កាត់បឹងកុក,125,
952,សង្កាត់កំពង់ចាម,125,
953,សង្កាត់សំបួរមាស,125,
954,សង្កាត់វាលវង់,125,
955,ឃុំអំពិល,126,
956,ឃុំហាន់ជ័យ,126,
957,ឃុំកៀនជ្រៃ,126,
958,ឃុំគគរ,126,
959,ឃុំកោះមិត្ដ,126,
960,ឃុំកោះរកា,126,
961,ឃុំកោះសំរោង,126,
962,ឃុំកោះទន្ទឹម,126,
963,ឃុំក្រឡា,126,
964,ឃុំអូរស្វាយ,126,
965,ឃុំរអាង,126,
966,ឃុំរំចេក,126,
967,ឃុំស្រក,126,
968,ឃុំទ្រាន,126,
969,ឃុំវិហារធំ,126,
970,ឃុំអង្គរបាន,127,
971,ឃុំកងតាណឹង,127,
972,ឃុំខ្ចៅ,127,
973,ឃុំពាមជីកង,127,
974,ឃុំព្រែកកុយ,127,
975,ឃុំព្រែកក្របៅ,127,
976,ឃុំរាយប៉ាយ,127,
977,ឃុំរកាអារ,127,
978,ឃុំរកាគយ,127,
979,ឃុំស្ដៅ,127,
980,ឃុំសូរគង,127,
981,ឃុំកំពង់រាប,128,
982,ឃុំកោះសូទិន,128,
983,ឃុំល្វេ,128,
984,ឃុំមហាលាភ,128,
985,ឃុំមហាខ្ញូង,128,
986,ឃុំពាមប្រធ្នោះ,128,
987,ឃុំពង្រ,128,
988,ឃុំព្រែកតានង់,128,
989,ឃុំបារាយណ៍,129,
990,ឃុំបឹងណាយ,129,
991,ឃុំជ្រៃវៀន,129,
992,ឃុំខ្វិតធំ,129,
993,ឃុំគរ,129,
994,ឃុំក្រូច,129,
995,ឃុំល្វា,129,
996,ឃុំមៀន,129,
997,ឃុំព្រៃឈរ,129,
998,ឃុំសូរ្យសែន,129,
999,ឃុំសំរោង,129,
1000,ឃុំស្រង៉ែ,129,
1001,ឃុំថ្មពូន,129,
1002,ឃុំតុងរ៉ុង,129,
1003,ឃុំត្រពាំងព្រះ,129,
1004,ឃុំបារាយណ៍,130,
1005,ឃុំជីបាល,130,
1006,ឃុំខ្នារស,130,
1007,ឃុំកោះអណ្ដែត,130,
1008,ឃុំមានជ័យ,130,
1009,ឃុំផ្ទះកណ្ដាល,130,
1010,ឃុំប្រាំយ៉ាម,130,
1011,ឃុំព្រែកដំបូក,130,
1012,ឃុំព្រែកពោធិ,130,
1013,ឃុំព្រែករំដេង,130,
1014,ឃុំឫស្សីស្រុក,130,
1015,ឃុំស្វាយពោធិ,130,
1016,ឃុំស្វាយខ្សាច់ភ្នំ,130,
1017,ឃុំទងត្រឡាច,130,
1018,ឃុំអារក្សត្នោត,131,
1019,ឃុំដងក្ដារ,131,
1020,ឃុំខ្ពបតាងួន,131,
1021,ឃុំមេសរជ្រៃ,131,
1022,ឃុំអូរម្លូ,131,
1023,ឃុំពាមកោះស្នា,131,
1024,ឃុំព្រះអណ្ដូង,131,
1025,ឃុំព្រែកបាក់,131,
1026,ឃុំព្រែកកក់,131,
1027,ឃុំសូភាស,131,
1028,ឃុំទួលព្រះឃ្លាំង,131,
1029,ឃុំទួលសំបួរ,131,
1030,ឃុំឆ្លូង,132,
1031,ឃុំដំរីផុង,132,
1032,ឃុំហាន់ជ័យ,132,
1033,ឃុំកំពង់ដំរី,132,
1034,ឃុំកញ្ជរ,132,
1035,ឃុំខ្សាច់អណ្ដែត,132,
1036,ឃុំពង្រ,132,
1037,ឃុំព្រែកសាម៉ាន់,132,
1038,សង្កាត់កោះទ្រង់,133,
1039,សង្កាត់ក្រគរ,133,
1040,សង្កាត់ក្រចេះ,133,
1041,សង្កាត់អូរឫស្សី,133,
1042,សង្កាត់រកាកណ្ដាល,133,
1043,ឃុំចំបក់,134,
1044,ឃុំជ្រោយបន្ទាយ,134,
1045,ឃុំកំពង់គរ,134,
1046,ឃុំកោះតាស៊ុយ,134,
1047,ឃុំព្រែកប្រសព្វ,134,
1048,ឃុំឫស្សីកែវ,134,
1049,ឃុំសោប,134,
1050,ឃុំតាម៉ៅ,134,
1051,ឃុំបឹងចារ,135,
1052,ឃុំកំពង់ចាម,135,
1053,ឃុំក្បាលដំរី,135,
1054,ឃុំកោះខ្ញែរ,135,
1055,ឃុំអូរគ្រៀង,135,
1056,ឃុំរលួសមានជ័យ,135,
1057,ឃុំសំបូរ,135,
1058,ឃុំសណ្ដាន់,135,
1059,ឃុំស្រែជិះ,135,
1060,ឃុំវឌ្ឍនៈ,135,
1061,ឃុំអូរកណ្តៀរសែនជ័យ,135,
1062,ឃុំឃ្សឹម,136,
1063,ឃុំពីរធ្នូ,136,
1064,ឃុំស្នួល,136,
1065,ឃុំស្រែចារ,136,
1066,ឃុំស្វាយជ្រះ,136,
1067,ឃុំគ្រញូងសែនជ័យ,136,
1068,ឃុំបុសលាវ,137,
1069,ឃុំចង្ក្រង់,137,
1070,ឃុំដារ,137,
1071,ឃុំកន្ទួត,137,
1072,ឃុំគោលាប់,137,
1073,ឃុំកោះច្រែង,137,
1074,ឃុំសំបុក,137,
1075,ឃុំថ្មអណ្ដើក,137,
1076,ឃុំថ្មគ្រែ,137,
1077,ឃុំថ្មី,137,
1078,ឃុំបរសេដ្ឋ,138,
1079,ឃុំកាត់ភ្លុក,138,
1080,ឃុំនិទាន,138,
1081,ឃុំភក្ដី,138,
1082,ឃុំភារីមានជ័យ,138,
1083,ឃុំផុង,138,
1084,ឃុំពោធិអង្ក្រង,138,
1085,ឃុំពោធិ៍ចំរើន,138,
1086,ឃុំពោធិ៍ម្រាល,138,
1087,ឃុំស្វាយចចិប,138,
1088,ឃុំទួលអំពិល,138,
1089,ឃុំទួលសាលា,138,
1090,ឃុំកក់,138,
1091,ឃុំស្វាយរំពារ,138,
1092,ឃុំព្រះខែ,138,
1093,សង្កាត់ច្បារមន,139,
1094,សង្កាត់កណ្ដោលដុំ,139,
1095,សង្កាត់រការធំ,139,
1096,សង្កាត់សុព័រទេព,139,
1097,សង្កាត់ស្វាយក្រវ៉ាន់,139,
1098,ឃុំអង្គពពេល,140,
1099,ឃុំជង្រុក,140,
1100,ឃុំមហាឫស្សី,140,
1101,ឃុំពេជ្រមុនី,140,
1102,ឃុំព្រះនិព្វាន,140,
1103,ឃុំព្រៃញាតិ,140,
1104,ឃុំព្រៃវិហារ,140,
1105,ឃុំរកាកោះ,140,
1106,ឃុំស្ដុក,140,
1107,ឃុំស្នំក្រពើ,140,
1108,ឃុំស្រង់,140,
1109,ឃុំទឹកល្អក់,140,
1110,ឃុំវាល,140,
1111,ឃុំហោងសំណំ,141,
1112,ឃុំរស្មីសាមគ្គី,141,
1113,ឃុំត្រពាំងជោ,141,
1114,ឃុំសង្កែសាទប,141,
1115,ឃុំតាសាល,141,
1116,ឃុំចាន់សែន,142,
1117,ឃុំជើងរាស់,142,
1118,ឃុំជំពូព្រឹក្ស,142,
1119,ឃុំក្សេមក្សាន្ដ,142,
1120,ឃុំក្រាំងចេក,142,
1121,ឃុំមានជ័យ,142,
1122,ឃុំព្រះស្រែ,142,
1123,ឃុំព្រៃក្រសាំង,142,
1124,ឃុំត្រាចទង,142,
1125,ឃុំវាលពង់,142,
1126,ឃុំវាំងចាស់,142,
1127,ឃុំយុទ្ធសាមគ្គី,142,
1128,ឃុំដំណាក់រាំង,142,
1129,ឃុំពាំងល្វា,142,
1130,ឃុំភ្នំតូច,142,
1131,ឃុំចំបក់,143,
1132,ឃុំជាំសង្កែ,143,
1133,ឃុំដំបូករូង,143,
1134,ឃុំគិរីវន្ដ,143,
1135,ឃុំក្រាំងដីវ៉ាយ,143,
1136,ឃុំមហាសាំង,143,
1137,ឃុំអូរ,143,
1138,ឃុំព្រៃរំដួល,143,
1139,ឃុំព្រៃក្មេង,143,
1140,ឃុំតាំងសំរោង,143,
1141,ឃុំតាំងស្យា,143,
1142,ឃុំត្រែងត្រយឹង,143,
1143,ឃុំយាយម៉ៅពេជ្យនិល,143,
1144,ឃុំរលាំងចក,144,
1145,ឃុំកាហែង,144,
1146,ឃុំខ្ទុំក្រាំង,144,
1147,ឃុំក្រាំងអំពិល,144,
1148,ឃុំព្នាយ,144,
1149,ឃុំរលាំងគ្រើល,144,
1150,ឃុំសំរោងទង,144,
1151,ឃុំសំបូរ,144,
1152,ឃុំសែនដី,144,
1153,ឃុំស្គុះ,144,
1154,ឃុំតាំងក្រូច,144,
1155,ឃុំធម្មតាអរ,144,
1156,ឃុំត្រពាំងគង,144,
1157,ឃុំទំព័រមាស,144,
1158,ឃុំវល្លិសរ,144,
1159,ឃុំអមលាំង,145,
1160,ឃុំមនោរម្យ,145,
1161,ឃុំប្រាំបីមុម,145,
1162,ឃុំរុងរឿង,145,
1163,ឃុំទ័ពមាន,145,
1164,ឃុំវាលពន់,145,
1165,ឃុំយាអង្គ,145,
1166,សង្កាត់ទន្លេបាសាក់,146,
1167,សង្កាត់ទួលទំពូងទី ២,146,
1168,សង្កាត់ទួលទំពូងទី ១,146,
1169,សង្កាត់បឹងត្របែក,146,
1170,សង្កាត់ផ្សារដើមថ្កូវ,146,
1171,សង្កាត់ផ្សារថ្មីទី ១,147,
1172,សង្កាត់ផ្សារថ្មីទី ២,147,
1173,សង្កាត់ផ្សារថ្មីទី ៣,147,
1174,សង្កាត់បឹងរាំង,147,
1175,សង្កាត់ផ្សារកណ្ដាលទី១,147,
1176,សង្កាត់ផ្សារកណ្ដាលទី២,147,
1177,សង្កាត់ចតុមុខ,147,
1178,សង្កាត់ជ័យជំនះ,147,
1179,សង្កាត់ផ្សារចាស់,147,
1180,សង្កាត់ស្រះចក,147,
1181,សង្កាត់វត្ដភ្នំ,147,
1182,សង្កាត់អូរឫស្សីទី ១,148,
1183,សង្កាត់អូរឫស្សីទី ២,148,
1184,សង្កាត់អូរឫស្សីទី ៣,148,
1185,សង្កាត់អូរឫស្សីទី ៤,148,
1186,សង្កាត់មនោរម្យ,148,
1187,សង្កាត់មិត្ដភាព,148,
1188,សង្កាត់វាលវង់,148,
1189,សង្កាត់បឹងព្រលឹត,148,
1190,សង្កាត់ផ្សារដេប៉ូទី ១,149,
1191,សង្កាត់ផ្សារដេប៉ូទី ២,149,
1192,សង្កាត់ផ្សារដេប៉ូទី ៣,149,
1193,សង្កាត់ទឹកល្អក់ទី ១,149,
1194,សង្កាត់ទឹកល្អក់ទី ២,149,
1195,សង្កាត់ទឹកល្អក់ទី ៣,149,
1196,សង្កាត់បឹងកក់ទី ១,149,
1197,សង្កាត់បឹងកក់ទី ២,149,
1198,សង្កាត់ផ្សារដើមគរ,149,
1199,សង្កាត់បឹងសាឡាង,149,
1200,សង្កាត់ដង្កោ,150,
1201,សង្កាត់ពងទឹក,150,
1202,សង្កាត់ព្រៃវែង,150,
1203,សង្កាត់ព្រៃស,150,
1204,សង្កាត់ក្រាំងពង្រ,150,
1205,សង្កាត់សាក់សំពៅ,150,
1206,សង្កាត់ជើងឯក,150,
1207,សង្កាត់គងនយ,150,
1208,សង្កាត់ព្រែកកំពឹស,150,
1209,សង្កាត់រលួស,150,
1210,សង្កាត់ស្ពានថ្ម,150,
1211,សង្កាត់ទៀន,150,
1212,សង្កាត់ចាក់អង្រែលើ,151,
1213,សង្កាត់ចាក់អង្រែក្រោម,151,
1214,សង្កាត់ស្ទឹងមានជ័យទី១,151,
1215,សង្កាត់ស្ទឹងមានជ័យទី២,151,
1216,សង្កាត់ស្ទឹងមានជ័យទី៣,151,
1217,សង្កាត់បឹងទំពុនទី១,151,
1218,សង្កាត់បឹងទំពុនទី២,151,
1219,សង្កាត់ស្វាយប៉ាក,152,
1220,សង្កាត់គីឡូម៉ែត្រលេខ៦,152,
1221,សង្កាត់ឫស្សីកែវ,152,
1222,សង្កាត់ច្រាំងចំរេះទី ១,152,
1223,សង្កាត់ច្រាំងចំរេះទី ២,152,
1224,សង្កាត់ទួលសង្កែទី១,152,
1225,សង្កាត់ទួលសង្កែទី២,152,
1226,សង្កាត់ភ្នំពេញថ្មី,153,
1227,សង្កាត់ទឹកថ្លា,153,
1228,សង្កាត់ឃ្មួញ,153,
1229,សង្កាត់ក្រាំងធ្នង់,153,
1230,សង្កាត់អូរបែកក្អម,153,
1231,សង្កាត់គោកឃ្លាង,153,
1232,សង្កាត់ត្រពាំងក្រសាំង,154,
1233,សង្កាត់សំរោងក្រោម,154,
1234,សង្កាត់ចោមចៅទី១,154,
1235,សង្កាត់ចោមចៅទី២,154,
1236,សង្កាត់ចោមចៅទី៣,154,
1237,សង្កាត់កាកាបទី១,154,
1238,សង្កាត់កាកាបទី២,154,
1239,សង្កាត់ជ្រោយចង្វារ,155,
1240,សង្កាត់ព្រែកលៀប,155,
1241,សង្កាត់ព្រែកតាសេក,155,
1242,សង្កាត់កោះដាច់,155,
1243,សង្កាត់បាក់ខែង,155,
1244,សង្កាត់ព្រែកព្នៅ,156,
1245,សង្កាត់ពញាពន់,156,
1246,សង្កាត់សំរោង,156,
1247,សង្កាត់គោករកា,156,
1248,សង្កាត់ពន្សាំង,156,
1249,សង្កាត់ច្បារអំពៅទី ១,157,
1250,សង្កាត់ច្បារអំពៅទី ២,157,
1251,សង្កាត់និរោធ,157,
1252,សង្កាត់ព្រែកប្រា,157,
1253,សង្កាត់វាលស្បូវ,157,
1254,សង្កាត់ព្រែកឯង,157,
1255,សង្កាត់ក្បាលកោះ,157,
1256,សង្កាត់ព្រែកថ្មី,157,
1257,សង្កាត់បឹងកេងកងទី ១,158,
1258,សង្កាត់បឹងកេងកងទី ២,158,
1259,សង្កាត់បឹងកេងកងទី ៣,158,
1260,សង្កាត់អូឡាំពិក,158,
1261,សង្កាត់ទំនប់ទឹក,158,
1262,សង្កាត់ទួលស្វាយព្រៃទី ១,158,
1263,សង្កាត់ទួលស្វាយព្រៃទី ២,158,
1264,សង្កាត់កំបូល,159,
1265,សង្កាត់កន្ទោក,159,
1266,សង្កាត់ឪឡោក,159,
1267,សង្កាត់ស្នោរ,159,
1268,សង្កាត់ភ្លើងឆេះរទេះ,159,
1269,សង្កាត់បឹងធំ,159,
1270,សង្កាត់ប្រទះឡាង,159,
1271,ឃុំកំភុន,160,
1272,ឃុំក្បាលរមាស,160,
1273,ឃុំភ្លុក,160,
1274,ឃុំសាមឃួយ,160,
1275,ឃុំស្ដៅ,160,
1276,ឃុំស្រែគរ,160,
1277,ឃុំតាឡាត,160,
1278,ឃុំកោះព្រះ,161,
1279,ឃុំកោះសំពាយ,161,
1280,ឃុំកោះស្រឡាយ,161,
1281,ឃុំអូរម្រះ,161,
1282,ឃុំអូរឫស្សីកណ្ដាល,161,
1283,ឃុំសៀមបូក,161,
1284,ឃុំស្រែក្រសាំង,161,
1285,ឃុំព្រែកមាស,162,
1286,ឃុំសេកុង,162,
1287,ឃុំសន្ដិភាព,162,
1288,ឃុំស្រែសំបូរ,162,
1289,ឃុំថ្មកែវ,162,
1290,សង្កាត់ស្ទឹងត្រែង,163,
1291,សង្កាត់ស្រះឫស្សី,163,
1292,សង្កាត់ព្រះបាទ,163,
1293,សង្កាត់សាមគ្គី,163,
1294,ឃុំអន្លង់ភេ,164,
1295,ឃុំចំការលើ,164,
1296,ឃុំកាំងចាម,164,
1297,ឃុំអន្លង់ជ្រៃ,164,
1298,ឃុំអូររ៉ៃ,164,
1299,ឃុំសំអាង,164,
1300,ឃុំស្រែឫស្សី,164,
1301,ឃុំថាឡាបរិវ៉ាត់,164,
1302,ឃុំអូរស្វាយ,165,
1303,ឃុំកោះស្នែង,165,
1304,ឃុំព្រះរំកិល,165,
1305,ឃុំបាក់ស្នា,166,
1306,ឃុំបល្ល័ង្គ,166,
1307,ឃុំបារាយណ៍,166,
1308,ឃុំបឹង,166,
1309,ឃុំចើងដើង,166,
1310,ឃុំឈូកខ្សាច់,166,
1311,ឃុំចុងដូង,166,
1312,ឃុំគគីធំ,166,
1313,ឃុំក្រវ៉ា,166,
1314,ឃុំត្នោតជុំ,166,
1315,ឃុំជ័យ,167,
1316,ឃុំដំរីស្លាប់,167,
1317,ឃុំកំពង់គោ,167,
1318,ឃុំកំពង់ស្វាយ,167,
1319,ឃុំនីពេជ,167,
1320,ឃុំផាត់សណ្ដាយ,167,
1321,ឃុំសាន់គ,167,
1322,ឃុំត្បែង,167,
1323,ឃុំត្រពាំងឫស្សី,167,
1324,ឃុំក្ដីដូង,167,
1325,ឃុំព្រៃគុយ,167,
1326,សង្កាត់ដំរីជាន់ខ្លា,168,
1327,សង្កាត់កំពង់ធំ,168,
1328,សង្កាត់កំពង់រទេះ,168,
1329,សង្កាត់អូរកន្ធរ,168,
1330,សង្កាត់កំពង់ក្របៅ,168,
1331,សង្កាត់ព្រៃតាហ៊ូ,168,
1332,សង្កាត់អាចារ្យលាក់,168,
1333,សង្កាត់ស្រយ៉ូវ,168,
1334,ឃុំដូង,169,
1335,ឃុំក្រយា,169,
1336,ឃុំផាន់ញើម,169,
1337,ឃុំសាគ្រាម,169,
1338,ឃុំសាលាវិស័យ,169,
1339,ឃុំសាមគ្គី,169,
1340,ឃុំទួលគ្រើល,169,
1341,ឃុំឈូក,170,
1342,ឃុំគោល,170,
1343,ឃុំសំបូរណ៍,170,
1344,ឃុំស្រើង,170,
1345,ឃុំតាំងក្រសៅ,170,
1346,ឃុំឈើទាល,171,
1347,ឃុំដងកាំបិត,171,
1348,ឃុំក្លែង,171,
1349,ឃុំមានរិទ្ធ,171,
1350,ឃុំមានជ័យ,171,
1351,ឃុំងន,171,
1352,ឃុំសណ្ដាន់,171,
1353,ឃុំសុចិត្រ,171,
1354,ឃុំទំរីង,171,
1355,ឃុំបឹងល្វា,172,
1356,ឃុំជ្រាប់,172,
1357,ឃុំកំពង់ថ្ម,172,
1358,ឃុំកកោះ,172,
1359,ឃុំក្រយា,172,
1360,ឃុំព្នៅ,172,
1361,ឃុំប្រាសាទ,172,
1362,ឃុំតាំងក្រសាំង,172,
1363,ឃុំទីពោ,172,
1364,ឃុំត្បូងក្រពើ,172,
1365,ឃុំបន្ទាយស្ទោង,173,
1366,ឃុំចំណាក្រោម,173,
1367,ឃុំចំណាលើ,173,
1368,ឃុំកំពង់ចិនជើង,173,
1369,ឃុំកំពង់ចិនត្បូង,173,
1370,ឃុំម្សាក្រង,173,
1371,ឃុំពាមបាង,173,
1372,ឃុំពពក,173,
1373,ឃុំប្រឡាយ,173,
1374,ឃុំព្រះដំរី,173,
1375,ឃុំរុងរឿង,173,
1376,ឃុំសំព្រោជ,173,
1377,ឃុំទ្រា,173,
1378,ឃុំពង្រ,174,
1379,ឃុំច្រនាង,174,
1380,ឃុំជ្រលង,174,
1381,ឃុំទ្រៀល,174,
1382,ឃុំសូយោង,174,
1383,ឃុំស្រឡៅ,174,
1384,ឃុំស្វាយភ្លើង,174,
1385,ឃុំអណ្ដូងពោធិ៍,174,
1386,ឃុំបឹងព្រះ,175,
1387,ឃុំជើងភ្នំ,175,
1388,ឃុំឈើកាច់,175,
1389,ឃុំរក្សជ័យ,175,
1390,ឃុំរោងដំរី,175,
1391,ឃុំស្ដៅកោង,175,
1392,ឃុំស្ពឺ  ក,175,
1393,ឃុំស្ពឺ  ខ,175,
1394,ឃុំធាយ,175,
1395,ឃុំជាច,176,
1396,ឃុំដូនកឹង,176,
1397,ឃុំក្រញូង,176,
1398,ឃុំក្របៅ,176,
1399,ឃុំស៊ាងឃ្វាង,176,
1400,ឃុំស្មោងខាងជើង,176,
1401,ឃុំស្មោងខាងត្បូង,176,
1402,ឃុំត្របែក,176,
1403,ឃុំអន្សោង,177,
1404,ឃុំចាម,177,
1405,ឃុំជាងដែក,177,
1406,ឃុំជ្រៃ,177,
1407,ឃុំកន្សោមអក,177,
1408,ឃុំគោខ្ចក,177,
1409,ឃុំកំពង់ត្របែក,177,
1410,ឃុំពាមមន្ទារ,177,
1411,ឃុំប្រាសាទ,177,
1412,ឃុំប្រធាតុ,177,
1413,ឃុំព្រៃឈរ,177,
1414,ឃុំព្រៃពោន,177,
1415,ឃុំថ្កូវ,177,
1416,ឃុំចុងអំពិល,178,
1417,ឃុំកញ្ជ្រៀច,178,
1418,ឃុំក្ដឿងរាយ,178,
1419,ឃុំគោកគង់កើត,178,
1420,ឃុំគោកគង់លិច,178,
1421,ឃុំព្រាល,178,
1422,ឃុំថ្មពូន,178,
1423,ឃុំត្នោត,178,
1424,ឃុំអង្គរសរ,179,
1425,ឃុំច្រេស,179,
1426,ឃុំជីផុច,179,
1427,ឃុំព្រៃឃ្នេស,179,
1428,ឃុំព្រៃរំដេង,179,
1429,ឃុំព្រៃទទឹង,179,
1430,ឃុំស្វាយជ្រុំ,179,
1431,ឃុំត្រពាំងស្រែ,179,
1432,ឃុំអង្គរអង្គ,180,
1433,ឃុំកំពង់ប្រាសាទ,180,
1434,ឃុំកោះចេក,180,
1435,ឃុំកោះរកា,180,
1436,ឃុំកោះសំពៅ,180,
1437,ឃុំក្រាំងតាយ៉ង,180,
1438,ឃុំព្រែកក្របៅ,180,
1439,ឃុំព្រែកសំបួរ,180,
1440,ឃុំឫស្សីស្រុក,180,
1441,ឃុំស្វាយភ្លោះ,180,
1442,ឃុំបាបោង,181,
1443,ឃុំបន្លិចប្រាសាទ,181,
1444,ឃុំអ្នកលឿង,181,
1445,ឃុំពាមមានជ័យ,181,
1446,ឃុំពាមរក៍,181,
1447,ឃុំព្រែកខ្សាយ ក,181,
1448,ឃុំព្រែកខ្សាយ ខ,181,
1449,ឃុំព្រៃកណ្ដៀង,181,
1450,ឃុំកំពង់ពពិល,182,
1451,ឃុំកញ្ចំ,182,
1452,ឃុំកំពង់ប្រាំង,182,
1453,ឃុំមេសរប្រចាន់,182,
1454,ឃុំព្រៃព្នៅ,182,
1455,ឃុំព្រៃស្នៀត,182,
1456,ឃុំព្រៃស្រឡិត,182,
1457,ឃុំរាប,182,
1458,ឃុំរកា,182,
1459,ឃុំអង្គររាជ្យ,183,
1460,ឃុំបន្ទាយចក្រី,183,
1461,ឃុំបឹងដោល,183,
1462,ឃុំជៃកំពក,183,
1463,ឃុំកំពង់សឹង,183,
1464,ឃុំក្រាំងស្វាយ,183,
1465,ឃុំល្វា,183,
1466,ឃុំព្រះស្ដេច,183,
1467,ឃុំរាធរ,183,
1468,ឃុំរំចេក,183,
1469,ឃុំសេនារាជឧត្ដម,183,
1470,សង្កាត់បារាយណ៍,184,
1471,សង្កាត់ជើងទឹក,184,
1472,សង្កាត់កំពង់លាវ,184,
1473,សង្កាត់តាកោ,184,
1474,ឃុំពោធិ៍រៀង,185,
1475,ឃុំព្រែកអន្ទះ,185,
1476,ឃុំព្រែកជ្រៃ,185,
1477,ឃុំព្រៃកន្លោង,185,
1478,ឃុំកំពង់ឫស្សី,185,
1479,ឃុំព្រែកតាសរ,185,
1480,ឃុំអំពិលក្រៅ,186,
1481,ឃុំជ្រៃឃ្មុំ,186,
1482,ឃុំល្វេ,186,
1483,ឃុំព្នៅទី ១,186,
1484,ឃុំព្នៅទី ២,186,
1485,ឃុំពោធិ៍ទី,186,
1486,ឃុំព្រែកចង្ក្រាន,186,
1487,ឃុំព្រៃដើមថ្នឹង,186,
1488,ឃុំព្រៃទឹង,186,
1489,ឃុំរំលេច,186,
1490,ឃុំឫស្សីសាញ់,186,
1491,ឃុំអង្គរទ្រេត,187,
1492,ឃុំជាខ្លាង,187,
1493,ឃុំជ្រៃ,187,
1494,ឃុំដំរីពួន,187,
1495,ឃុំមេបុណ្យ,187,
1496,ឃុំពានរោង,187,
1497,ឃុំពពឺស,187,
1498,ឃុំព្រៃខ្លា,187,
1499,ឃុំសំរោង,187,
1500,ឃុំស្វាយអន្ទរ,187,
1501,ឃុំទឹកថ្លា,187,
1502,ឃុំស្អាង,188,
1503,ឃុំតស៊ូ,188,
1504,ឃុំខ្យង,188,
1505,ឃុំច្រាច់,188,
1506,ឃុំធ្មា,188,
1507,ឃុំពុទ្រា,188,
1508,ឃុំឆែបមួយ,189,
1509,ឃុំឆែបពីរ,189,
1510,ឃុំសង្កែមួយ,189,
1511,ឃុំសង្កែពីរ,189,
1512,ឃុំម្លូព្រៃមួយ,189,
1513,ឃុំម្លូព្រៃពីរ,189,
1514,ឃុំកំពង់ស្រឡៅមួយ,189,
1515,ឃុំកំពង់ស្រឡៅពីរ,189,
1516,ឃុំជាំក្សាន្ដ,190,
1517,ឃុំទឹកក្រហម,190,
1518,ឃុំព្រីងធំ,190,
1519,ឃុំរំដោះស្រែ,190,
1520,ឃុំយាង,190,
1521,ឃុំកន្ទួត,190,
1522,ឃុំស្រអែម,190,
1523,ឃុំមរកត,190,
1524,ឃុំគូលែនត្បូង,191,
1525,ឃុំគូលែនជើង,191,
1526,ឃុំថ្មី,191,
1527,ឃុំភ្នំពេញ,191,
1528,ឃុំភ្នំត្បែងពីរ,191,
1529,ឃុំស្រយង់,191,
1530,ឃុំរបៀប,192,
1531,ឃុំរស្មី,192,
1532,ឃុំរហ័ស,192,
1533,ឃុំរុងរឿង,192,
1534,ឃុំរីករាយ,192,
1535,ឃុំរួសរាន់,192,
1536,ឃុំរតនៈ,192,
1537,ឃុំរៀបរយ,192,
1538,ឃុំរក្សា,192,
1539,ឃុំរំដោះ,192,
1540,ឃុំរមទម,192,
1541,ឃុំរមណីយ,192,
1542,ឃុំចំរើន,193,
1543,ឃុំរអាង,193,
1544,ឃុំភ្នំត្បែងមួយ,193,
1545,ឃុំស្ដៅ,193,
1546,ឃុំរណសិរ្ស,193,
1547,ឃុំឈានមុខ,194,
1548,ឃុំពោធិ៍,194,
1549,ឃុំប្រមេរុ,194,
1550,ឃុំព្រះឃ្លាំង,194,
1551,សង្កាត់កំពង់ប្រណាក,195,
1552,សង្កាត់ប៉ាលហាល,195,
1553,ឃុំចារឈូក,196,
1554,ឃុំដូនពេង,196,
1555,ឃុំគោកដូង,196,
1556,ឃុំគោល,196,
1557,ឃុំនគរភាស,196,
1558,ឃុំស្រែខ្វាវ,196,
1559,ឃុំតាសោម,196,
1560,ឃុំជប់តាត្រាវ,197,
1561,ឃុំលាងដៃ,197,
1562,ឃុំពាក់ស្នែង,197,
1563,ឃុំស្វាយចេក,197,
1564,ឃុំខ្នារសណ្ដាយ,198,
1565,ឃុំឃុនរាម,198,
1566,ឃុំព្រះដាក់,198,
1567,ឃុំរំចេក,198,
1568,ឃុំរុនតាឯក,198,
1569,ឃុំត្បែង,198,
1570,ឃុំអន្លង់សំណរ,199,
1571,ឃុំជីក្រែង,199,
1572,ឃុំកំពង់ក្ដី,199,
1573,ឃុំខ្វាវ,199,
1574,ឃុំគោកធ្លកក្រោម,199,
1575,ឃុំគោកធ្លកលើ,199,
1576,ឃុំល្វែងឫស្សី,199,
1577,ឃុំពង្រក្រោម,199,
1578,ឃុំពង្រលើ,199,
1579,ឃុំឫស្សីលក,199,
1580,ឃុំសង្វើយ,199,
1581,ឃុំស្ពានត្នោត,199,
1582,ឃុំចន្លាសដៃ,200,
1583,ឃុំកំពង់ថ្កូវ,200,
1584,ឃុំក្រឡាញ់,200,
1585,ឃុំក្រូចគរ,200,
1586,ឃុំរោងគោ,200,
1587,ឃុំសំបួរ,200,
1588,ឃុំសែនសុខ,200,
1589,ឃុំស្នួល,200,
1590,ឃុំស្រណាល,200,
1591,ឃុំតាអាន,200,
1592,ឃុំសសរស្ដម្ភ,201,
1593,ឃុំដូនកែវ,201,
1594,ឃុំក្ដីរុន,201,
1595,ឃុំកែវពណ៌,201,
1596,ឃុំខ្នាត,201,
1597,ឃុំល្វា,201,
1598,ឃុំមុខប៉ែន,201,
1599,ឃុំពោធិ៍ទ្រាយ,201,
1600,ឃុំពួក,201,
1601,ឃុំព្រៃជ្រូក,201,
1602,ឃុំរើល,201,
1603,ឃុំសំរោងយា,201,
1604,ឃុំត្រីញ័រ,201,
1605,ឃុំយាង,201,
1606,ឃុំបាគង,202,
1607,ឃុំបល្ល័ង្ក,202,
1608,ឃុំកំពង់ភ្លុក,202,
1609,ឃុំកន្ទ្រាំង,202,
1610,ឃុំកណ្ដែក,202,
1611,ឃុំមានជ័យ,202,
1612,ឃុំរលួស,202,
1613,ឃុំត្រពាំងធំ,202,
1614,ឃុំអំពិល,202,
1615,សង្កាត់ស្លក្រាម,203,
1616,សង្កាត់ស្វាយដង្គំ,203,
1617,សង្កាត់គោកចក,203,
1618,សង្កាត់សាលាកំរើក,203,
1619,សង្កាត់នគរធំ,203,
1620,សង្កាត់ជ្រាវ,203,
1621,សង្កាត់ចុងឃ្នៀស,203,
1622,សង្កាត់សំបួរ,203,
1623,សង្កាត់សៀមរាប,203,
1624,សង្កាត់ស្រង៉ែ,203,
1625,សង្កាត់ក្របីរៀល,203,
1626,សង្កាត់ទឹកវិល,203,
1627,ឃុំចាន់ស,204,
1628,ឃុំដំដែក,204,
1629,ឃុំដានរុន,204,
1630,ឃុំកំពង់ឃ្លាំង,204,
1631,ឃុំកៀនសង្កែ,204,
1632,ឃុំខ្ចាស់,204,
1633,ឃុំខ្នារពោធិ៍,204,
1634,ឃុំពពេល,204,
1635,ឃុំសំរោង,204,
1636,ឃុំតាយ៉ែក,204,
1637,ឃុំជ្រោយនាងងួន,205,
1638,ឃុំក្លាំងហាយ,205,
1639,ឃុំត្រាំសសរ,205,
1640,ឃុំមោង,205,
1641,ឃុំប្រីយ៍,205,
1642,ឃុំស្លែងស្ពាន,205,
1643,ឃុំបឹងមាលា,206,
1644,ឃុំកន្ទួត,206,
1645,ឃុំខ្នងភ្នំ,206,
1646,ឃុំស្វាយលើ,206,
1647,ឃុំតាសៀម,206,
1648,ឃុំប្រាសាទ,207,
1649,ឃុំល្វាក្រាំង,207,
1650,ឃុំស្រែណូយ,207,
1651,ឃុំស្វាយ ស,207,
1652,ឃុំវ៉ារិន,207,
1653,សង្កាត់ឈើខ្មៅ,208,
1654,សង្កាត់ព្រែកជ្រៃ,208,
1655,សង្កាត់ព្រែកស្ដី,208,
1656,សង្កាត់ជ្រោយតាកែវ,208,
1657,សង្កាត់សំពៅពូន,208,
1658,សង្កាត់បាក់ដាវ,209,
1659,សង្កាត់កោះឧកញ៉ាតី,209,
1660,សង្កាត់ព្រែកអំពិល,209,
1661,សង្កាត់ព្រែកលួង,209,
1662,សង្កាត់ព្រែកតាកូវ,209,
1663,សង្កាត់ស្វាយជ្រំ,209,
1664,សង្កាត់អរិយក្សត្រ,209,
1665,សង្កាត់សារិកាកែវ,209,
1666,សង្កាត់ពាមឧកញ៉ាអុង,209,
1667,សង្កាត់ព្រែកក្មេង,209,
1668,សង្កាត់បារុង,209,
1669,ឃុំក្បាលដំរី,210,
1670,ឃុំអូរគ្រៀង,210,
1671,ឃុំអូរកណ្តៀរសែនជ័យ,210,
1672,ឃុំរលួសមានជ័យ,210,
1673,ឃុំស្រែជិះ,210,
1674,សង្កាត់វាំងចាស់,211,
1675,សង្កាត់វាលពង់,211,
1676,សង្កាត់ត្រាចទង,211,
1677,សង្កាត់ព្រះស្រែ,211,
1678,សង្កាត់ក្សេមក្សាន្ដ,211,
